name, ext, src
monkaS, png, https://cdn.betterttv.net/emote/56e9f494fff3cc5c35e5287e/3x
OMEGALUL, png, https://cdn.betterttv.net/emote/583089f4737a8e61abb0186b/3x
Clap, gif, https://cdn.betterttv.net/emote/55b6f480e66682f576dd94f5/3x
catJAM, gif, https://cdn.betterttv.net/emote/5f1b0186cf6d2144653d2970/3x
POGGERS, png, https://cdn.betterttv.net/emote/58ae8407ff7b7276f8e594f2/3x
EZ, png, https://cdn.betterttv.net/emote/5590b223b344e2c42a9e28e3/3x
KEKW, png, https://cdn.betterttv.net/emote/5e9c6c187e090362f8b0b9e8/3x
Pepega, png, https://cdn.betterttv.net/emote/5aca62163e290877a25481ad/3x
pepeD, gif, https://cdn.betterttv.net/emote/5b1740221c5a6065a7bad4b5/3x
PepePls, gif, https://cdn.betterttv.net/emote/55898e122612142e6aaa935b/3x
PogU, png, https://cdn.betterttv.net/emote/5e4e7a1f08b4447d56a92967/3x
5Head, png, https://cdn.betterttv.net/emote/5d6096974932b21d9c332904/3x
gachiBASS, gif, https://cdn.betterttv.net/emote/57719a9a6bdecd592c3ad59b/3x
PepeLaugh, gif, https://cdn.betterttv.net/emote/5c548025009a2e73916b3a37/3x
blobDance, gif, https://cdn.betterttv.net/emote/5ada077451d4120ea3918426/3x
Sadge, png, https://cdn.betterttv.net/emote/5e0fa9d40550d42106b8a489/3x
gachiHYPER, gif, https://cdn.betterttv.net/emote/59143b496996b360ff9b807c/3x
AYAYA, png, https://cdn.betterttv.net/emote/58493695987aab42df852e0f/3x
weirdChamp, png, https://cdn.betterttv.net/emote/5d20a55de1cfde376e532972/3x
monkaW, png, https://cdn.betterttv.net/emote/59ca6551b27c823d5b1fd872/3x
peepoClap, gif, https://cdn.betterttv.net/emote/5d38aaa592fc550c2d5996b8/3x
pepeLaugh, png, https://cdn.betterttv.net/emote/59b73909b27c823d5b1f6052/3x
ricardoFlick, gif, https://cdn.betterttv.net/emote/5bc2143ea5351f40921080ee/3x
HYPERS, png, https://cdn.betterttv.net/emote/5980af4e3a1ac5330e89dc76/3x
LULW, png, https://cdn.betterttv.net/emote/5dc79d1b27360247dd6516ec/3x
peepoLeave, gif, https://cdn.betterttv.net/emote/5d324913ff6ed36801311fd2/3x
Dance, gif, https://cdn.betterttv.net/emote/5aa1d0e311237146531078b0/3x
PETTHEPEEPO, gif, https://cdn.betterttv.net/emote/5ec059009af1ea16863b2dec/3x
ddHuh, gif, https://cdn.betterttv.net/emote/58b20d74d07b273e0dcfd57c/3x
pressF, gif, https://cdn.betterttv.net/emote/5c857788f779543bcdf37124/3x
monkaSHAKE, gif, https://cdn.betterttv.net/emote/58d867c84c25f4458349ecc7/3x
HYPERCLAP, gif, https://cdn.betterttv.net/emote/5b35ca08392c604c5fd81874/3x
ppOverheat, gif, https://cdn.betterttv.net/emote/5b3e953a2c8a38720760c7f7/3x
RareParrot, gif, https://cdn.betterttv.net/emote/55a24e1294dd94001ee86b39/3x
TriKool, gif, https://cdn.betterttv.net/emote/59a6d3dedccaf930aa8f3de1/3x
pikaOMG, gif, https://cdn.betterttv.net/emote/5bec16e1c3cac7088d09bdd7/3x
POGSLIDE, gif, https://cdn.betterttv.net/emote/5aea37908f767c42ce1e0293/3x
PartyParrot, gif, https://cdn.betterttv.net/emote/59f06613ba7cdd47e9a4cad2/3x
PepeHands, png, https://cdn.betterttv.net/emote/59f27b3f4ebd8047f54dee29/3x
pugPls, gif, https://cdn.betterttv.net/emote/5de88ccef6e95977b50e6eb1/3x
peepoSad, png, https://cdn.betterttv.net/emote/5a16ddca8c22a247ead62ceb/3x
peepoShy, gif, https://cdn.betterttv.net/emote/5eaa12a074046462f768344b/3x
KKool, gif, https://cdn.betterttv.net/emote/56c2cff2d9ec6bf744247bf1/3x
ratJAM, gif, https://cdn.betterttv.net/emote/5f43037db2efd65d77e8a88f/3x
MYAAA, gif, https://cdn.betterttv.net/emote/5de20a2c2dea2902de074598/3x
PepoDance, gif, https://cdn.betterttv.net/emote/5a6edb51f730010d194bdd46/3x
nymnCorn, gif, https://cdn.betterttv.net/emote/56cb56f5500cb4cf51e25b90/3x
ppHop, gif, https://cdn.betterttv.net/emote/5a9578d6dcf3205f57ba294f/3x
monkaGun, png, https://cdn.betterttv.net/emote/58f6e05e58f5dd226a16166e/3x
lickR, gif, https://cdn.betterttv.net/emote/5afdd149b5f610729e2f6e75/3x
WeirdChamp, png, https://cdn.betterttv.net/emote/5d9198fbd2458468c1f4adb7/3x
AlienPls, gif, https://cdn.betterttv.net/emote/5805580c3d506fea7ee357d6/3x
COGGERS, gif, https://cdn.betterttv.net/emote/5ab6f0ece1d6391b63498774/3x
kumaPls, gif, https://cdn.betterttv.net/emote/5af454b657376e68acb7512a/3x
peepoSimp, gif, https://cdn.betterttv.net/emote/5e3a2c6cd736527d5cd26836/3x
peepoLove, png, https://cdn.betterttv.net/emote/5a5e0e8d80f53146a54a516b/3x
NODDERS, gif, https://cdn.betterttv.net/emote/5eadf40074046462f7687d0f/3x
catJAM, gif, https://cdn.betterttv.net/emote/5f1abd75fe85fb4472d132b4/3x
monkaX, gif, https://cdn.betterttv.net/emote/58e5abdaf3ef4c75c9c6f0f9/3x
TeaTime, gif, https://cdn.betterttv.net/emote/56f6eb647ee3e8fc6e4fe48e/3x
monkaSTEER, gif, https://cdn.betterttv.net/emote/5ed0fd17f54be95e2a835054/3x
HACKERMANS, gif, https://cdn.betterttv.net/emote/5b490e73cf46791f8491f6f4/3x
HAhaa, png, https://cdn.betterttv.net/emote/55f47f507f08be9f0a63ce37/3x
KEKWlaugh, gif, https://cdn.betterttv.net/emote/5d793f2e14011815db9377d2/3x
lickL, gif, https://cdn.betterttv.net/emote/5afdd15ab5f610729e2f6e7a/3x
tenseSmash, gif, https://cdn.betterttv.net/emote/5d20ef02e1cfde376e532cc0/3x
Thonk, png, https://cdn.betterttv.net/emote/585231dd58af204561cd6036/3x
forsenPls, gif, https://cdn.betterttv.net/emote/55e2096ea6fa8b261f81b12a/3x
kumaPls, gif, https://cdn.betterttv.net/emote/5af454b657376e68acb7512a/3x
ThisIsFine, gif, https://cdn.betterttv.net/emote/5e2914861df9195f1a4cd411/3x
headBang, gif, https://cdn.betterttv.net/emote/57320689d69badf9131b82c4/3x
200IQ, gif, https://cdn.betterttv.net/emote/5acdc7cb31ca5d147369ead8/3x
CrabPls, gif, https://cdn.betterttv.net/emote/5c2a4ddda402f16774559abe/3x
widepeepoHappy, png, https://cdn.betterttv.net/emote/5e1a76dd8af14b5f1b438c04/3x
peepoGiggles, gif, https://cdn.betterttv.net/emote/5e0bcf69031ec77bab473476/3x
PETTHEMODS, gif, https://cdn.betterttv.net/emote/5f24435d713a6144748a91c7/3x
BLELELE, gif, https://cdn.betterttv.net/emote/583eb50550222f7f1086e012/3x
hoSway, gif, https://cdn.betterttv.net/emote/56396c857e538de14bd747a5/3x
pepeSmoke, gif, https://cdn.betterttv.net/emote/5b15162147c7bf3bfc0b9c76/3x
NOPERS, gif, https://cdn.betterttv.net/emote/5ec39a9db289582eef76f733/3x
pepeJAM, gif, https://cdn.betterttv.net/emote/5b77ac3af7bddc567b1d5fb2/3x
PepoG, png, https://cdn.betterttv.net/emote/5d63e543375afb1da9a68a5a/3x
PartyKirby, gif, https://cdn.betterttv.net/emote/5c3a9d8bbaa7ba09c9cfca37/3x
PepoCheer, gif, https://cdn.betterttv.net/emote/5abd36396723dc149c678e90/3x
confusedCat, png, https://cdn.betterttv.net/emote/5d5d9fe322f52e1d9b41ac91/3x
CuteDog, gif, https://cdn.betterttv.net/emote/56d6fbb4d5d429963e27410c/3x
pepeJAMMER, gif, https://cdn.betterttv.net/emote/5baa5b59f17b9f6ab0f3e84f/3x
DonoWall, gif, https://cdn.betterttv.net/emote/5efcd82551e3910deed68751/3x
OOOO, gif, https://cdn.betterttv.net/emote/5e5300e6751afe7d553e4351/3x
PEPEDS, gif, https://cdn.betterttv.net/emote/5be9f494a550811484ed2dd4/3x
BabyYodaSip, gif, https://cdn.betterttv.net/emote/5de76fe0f6e95977b50e6875/3x
LULWW, png, https://cdn.betterttv.net/emote/587d26d976a3c4756d667153/3x
coffinPLZ, gif, https://cdn.betterttv.net/emote/5e9e978c74046462f7674f9f/3x
MLADY, gif, https://cdn.betterttv.net/emote/5b34ef0dbe275b629fc726a2/3x
FeelsWeirdMan, png, https://cdn.betterttv.net/emote/5603731ce5fc5eff1de93229/3x
3Head, png, https://cdn.betterttv.net/emote/5d24f20653fb473775490d6f/3x
Kissahomie, gif, https://cdn.betterttv.net/emote/5ecee2f6924aa35e32a619b7/3x
PepegaPls, gif, https://cdn.betterttv.net/emote/5c04b07db4297124fa9d165e/3x
dekuHYPE, gif, https://cdn.betterttv.net/emote/594c13b436b6a43b492ce4bd/3x
RareChar, gif, https://cdn.betterttv.net/emote/562b9101a6646e202bcc5447/3x
BBoomer, gif, https://cdn.betterttv.net/emote/5c447084f13c030e98f74f58/3x
PepegaGun, gif, https://cdn.betterttv.net/emote/5db4816f8b059b723dc1a58d/3x
WaitWhat, png, https://cdn.betterttv.net/emote/55cbeb8f8b9c49ef325bf738/3x
BoneZone, gif, https://cdn.betterttv.net/emote/5b6c5efadd8fb0185163bd4f/3x
KKomrade, png, https://cdn.betterttv.net/emote/56be9fd6d9ec6bf74424760d/3x
PogO, png, https://cdn.betterttv.net/emote/5e9cdca974046462f7673006/3x
peepoRiot, gif, https://cdn.betterttv.net/emote/5e1fc363bca2995f13fb89d7/3x
sadKEK, png, https://cdn.betterttv.net/emote/5d72ae0aa32edb714a9df060/3x
KEKWait, png, https://cdn.betterttv.net/emote/5e486af4d736527d5cd2fed6/3x
peepoPooPoo, gif, https://cdn.betterttv.net/emote/5c3427a55752683d16e409d1/3x
hypeE, gif, https://cdn.betterttv.net/emote/5b6ded5560d17f4657e1319e/3x
RIP, png, https://cdn.betterttv.net/emote/54fcdfdc01abde735115deae/3x
ppJedi, gif, https://cdn.betterttv.net/emote/5b52e96eb4276d0be256f809/3x
GuitarTime, gif, https://cdn.betterttv.net/emote/576befd71f520d6039622f7e/3x
PeepoNoob, gif, https://cdn.betterttv.net/emote/5e8b86328fb1ca5cde5866b5/3x
peepoComfy, gif, https://cdn.betterttv.net/emote/5dbc173f27360247dd64e4ae/3x
coronaS, png, https://cdn.betterttv.net/emote/5e3441d861ff6b51e65259fe/3x
peepoSmash, gif, https://cdn.betterttv.net/emote/5c72084d41600b0832ab0931/3x
FeelsOkayMan, png, https://cdn.betterttv.net/emote/5803757f3d506fea7ee35267/3x
monkaBan, gif, https://cdn.betterttv.net/emote/5be43ddea550811484ecf547/3x
POGGIES, png, https://cdn.betterttv.net/emote/5b457bbd0485f43277cecac0/3x
Pog, png, https://cdn.betterttv.net/emote/5ff827395ef7d10c7912c106/3x
gachiW, gif, https://cdn.betterttv.net/emote/5ce66e8c1281d44f03de8051/3x
PepoSabers, gif, https://cdn.betterttv.net/emote/5afa002a1260c3359cb41ef6/3x
mericCat, png, https://cdn.betterttv.net/emote/59a32119b71a9e11bd5f4251/3x
Jammies, gif, https://cdn.betterttv.net/emote/5d2dc7dcff6ed3680130eb6d/3x
PepeWhy, gif, https://cdn.betterttv.net/emote/5a9def77b7319a74f5bbdeda/3x
peepoLeave, gif, https://cdn.betterttv.net/emote/5d9be805d2458468c1f4dbb3/3x
iron95Pls, gif, https://cdn.betterttv.net/emote/5b220a44d4fa7c69415f38e7/3x
peepoLeave, gif, https://cdn.betterttv.net/emote/5e14ca013267f72103fd8462/3x
DANCE, gif, https://cdn.betterttv.net/emote/5befebbbe4ac1871e89f2485/3x
REKT, gif, https://cdn.betterttv.net/emote/55f759d6b56252197d9af958/3x
monkaShoot, gif, https://cdn.betterttv.net/emote/59c232aeb27c823d5b1fa579/3x
pepeClap, gif, https://cdn.betterttv.net/emote/59688b35172b8b255ec3f6ac/3x
FeelsLitMan, gif, https://cdn.betterttv.net/emote/588111b6afc2ff756c3f345d/3x
forsenCD, png, https://cdn.betterttv.net/emote/5d3e250a6d68672adc3fbff7/3x
pepeBASS, gif, https://cdn.betterttv.net/emote/5c393177fb40bc09d7c6c3aa/3x
GachiPls, gif, https://cdn.betterttv.net/emote/58868aa5afc2ff756c3f495e/3x
sadCat, png, https://cdn.betterttv.net/emote/5b96e7f1bbf4663f648795b1/3x
pikaO, png, https://cdn.betterttv.net/emote/5be4b0c9e9207c147ebcb517/3x
miyanoHype, gif, https://cdn.betterttv.net/emote/588763bbafc2ff756c3f4c26/3x
HyperNeko, gif, https://cdn.betterttv.net/emote/5afdfe6702e8e2270c373de3/3x
PogUU, png, https://cdn.betterttv.net/emote/5cf6a8322316b42d72be7c36/3x
PogTasty, gif, https://cdn.betterttv.net/emote/5dc37f3850952f47dbdf170c/3x
DogePls, gif, https://cdn.betterttv.net/emote/55c7eb723d8fd22f20ac9cc1/3x
BOOBA, gif, https://cdn.betterttv.net/emote/5fa99424eca18f6455c2bca5/3x
WowPls, gif, https://cdn.betterttv.net/emote/55c845ecde06d3181ad07b19/3x
chikaYo, gif, https://cdn.betterttv.net/emote/5c69f5caadab351034b3fcc1/3x
owoUwu, gif, https://cdn.betterttv.net/emote/5e34687d61ff6b51e6525bfe/3x
nyanPls, gif, https://cdn.betterttv.net/emote/5608cf93fdaf5f3275fe39cd/3x
KirbDance, gif, https://cdn.betterttv.net/emote/5b9011eea2c5266ff2b8fde5/3x
PepeHands, gif, https://cdn.betterttv.net/emote/5c20e3432b99ae62dd04331b/3x
pepeSadJam, gif, https://cdn.betterttv.net/emote/5baf7cfb9809cc1f5117d301/3x
coffinPls, gif, https://cdn.betterttv.net/emote/5ea1e580d023b362f638f54f/3x
catKISS, gif, https://cdn.betterttv.net/emote/5f455410b2efd65d77e8cb14/3x
somDied, gif, https://cdn.betterttv.net/emote/55a63293b13ce179110b0193/3x
xar2EDM, gif, https://cdn.betterttv.net/emote/5b7e01fbe429f82909e0013a/3x
FeelsRageMan, png, https://cdn.betterttv.net/emote/5597e66ed8152e272470f830/3x
CouldYouNot, gif, https://cdn.betterttv.net/emote/572accb540dbc1cb345d782b/3x
whatBlink, gif, https://cdn.betterttv.net/emote/591ad4992f456546af54fdcd/3x
PepeS, gif, https://cdn.betterttv.net/emote/59420c88023a013b50774872/3x
PepoPopcorn, gif, https://cdn.betterttv.net/emote/5b157890aca8015213e555d1/3x
monkaGIGA, png, https://cdn.betterttv.net/emote/58c36ac73c3bbd3e016b6e60/3x
catDance, gif, https://cdn.betterttv.net/emote/5bc116eddd373363d2c76479/3x
OMEGAROLL, gif, https://cdn.betterttv.net/emote/5b58941cc0c5fe407247b5e5/3x
billyReady, gif, https://cdn.betterttv.net/emote/58763fcecb2b7248f8b9b0cf/3x
peepoSprint, gif, https://cdn.betterttv.net/emote/5c20a897fef84f19d3274cb0/3x
YEPP, png, https://cdn.betterttv.net/emote/5e978e20d023b362f638339d/3x
FeelsLagMan, gif, https://cdn.betterttv.net/emote/56758c29bf317838643c7e97/3x
Peepoleave, gif, https://cdn.betterttv.net/emote/5e123f56b974112104801d8b/3x
SaltyShower, gif, https://cdn.betterttv.net/emote/56ec8a535c391d4c7239fe22/3x
monkaW, png, https://cdn.betterttv.net/emote/5981e885eaab4f3320e73b18/3x
ROACH, gif, https://cdn.betterttv.net/emote/5d61b1b14932b21d9c332f1b/3x
iLOVEyou, gif, https://cdn.betterttv.net/emote/5ca7591926dfd77429327bb6/3x
KoolDoge, gif, https://cdn.betterttv.net/emote/58b443ca47585e3e07f8b59c/3x
TGSway, gif, https://cdn.betterttv.net/emote/5ae0db3e0e617f612886cbe1/3x
danceFrog, gif, https://cdn.betterttv.net/emote/5ba06b0c852ff34060d12fd3/3x
02Hype, gif, https://cdn.betterttv.net/emote/5b5217dd379b93298eb05e13/3x
PikaFacepalm, png, https://cdn.betterttv.net/emote/57ddccb558b6f3690c898464/3x
TGSway, gif, https://cdn.betterttv.net/emote/5ae0db3e0e617f612886cbe1/3x
DisGonBGud, gif, https://cdn.betterttv.net/emote/55af136fa7f4576c661c53e9/3x
iLOVEyou, gif, https://cdn.betterttv.net/emote/5ca7591926dfd77429327bb6/3x
bigPls, gif, https://cdn.betterttv.net/emote/5ad4d78896309a1bbe59d6fa/3x
PepegaDriving, gif, https://cdn.betterttv.net/emote/5e6fa08bd112fc3725746dd4/3x
FEelsBadMan, png, https://cdn.betterttv.net/emote/5a6dee3b2620951f291ec6d0/3x
monkaCHRIST, png, https://cdn.betterttv.net/emote/5a21576595c4af067c869ba9/3x
peepoShortOnAGoose, gif, https://cdn.betterttv.net/emote/5efd70646a65270522157cae/3x
pepeL, gif, https://cdn.betterttv.net/emote/5b53f5f2e78929110b2ac92c/3x
ABDULpls, gif, https://cdn.betterttv.net/emote/59a4ea2865231102cde26e9c/3x
pepeDD, gif, https://cdn.betterttv.net/emote/5b397bc105e329206af6f24f/3x
WeirdChamping, gif, https://cdn.betterttv.net/emote/5e9e0eb47e090362f8b0d9a4/3x
PepegaCredit, gif, https://cdn.betterttv.net/emote/5e9643a2d023b362f6381be1/3x
dnyPls, gif, https://cdn.betterttv.net/emote/5e51dba108b4447d56a94e24/3x
CrabPls, gif, https://cdn.betterttv.net/emote/5cc0f81c9bf845390d1c037e/3x
dancepls, gif, https://cdn.betterttv.net/emote/55f5e7cd7f08be9f0a63d008/3x
bigWOW, png, https://cdn.betterttv.net/emote/5a76a1f170858a32e83d3fc4/3x
FeelsRareMan, gif, https://cdn.betterttv.net/emote/5678a310bf317838643c8188/3x
Pogey, png, https://cdn.betterttv.net/emote/5d4b08dc64ae370ac807caa4/3x
PepoThink, png, https://cdn.betterttv.net/emote/5a4ad2574884645e5706e51a/3x
loliTriggered, gif, https://cdn.betterttv.net/emote/590696d6aedb6101b0caaff6/3x
peepoClown, png, https://cdn.betterttv.net/emote/5c50edcb5e0cb51b417faf37/3x
PianoTime, gif, https://cdn.betterttv.net/emote/5b4d2e45b7b52c3958c8f5cf/3x
BearHug, gif, https://cdn.betterttv.net/emote/5bca86210218ea750b6fa4b5/3x
BANNED, gif, https://cdn.betterttv.net/emote/5e16e5a8b974112104805f23/3x
vibePls, gif, https://cdn.betterttv.net/emote/5e8507e08b4f04096c5a7b18/3x
OuttaPocket, gif, https://cdn.betterttv.net/emote/5ebfbb8bec17d81685a51621/3x
monkaSoap, gif, https://cdn.betterttv.net/emote/5e7009f8d6581c3724c093c0/3x
HAMDANCE, gif, https://cdn.betterttv.net/emote/5b3aa96a05e329206af700c8/3x
WanWan, gif, https://cdn.betterttv.net/emote/566462e07fc3c70d30096e2d/3x
BirbRave, gif, https://cdn.betterttv.net/emote/5c32f7f9b2b08c560f6ae60a/3x
SchubertWalk, gif, https://cdn.betterttv.net/emote/5c707362b80b802336fbb84a/3x
dogeDance, gif, https://cdn.betterttv.net/emote/592ed12be9f5aa0463767b7f/3x
monkaSTEER, gif, https://cdn.betterttv.net/emote/5f133c6d6a65270522169b73/3x
peepoChat, gif, https://cdn.betterttv.net/emote/5e1bd08688e62a5f14dc6316/3x
monkaDMCA, gif, https://cdn.betterttv.net/emote/5ede6e5610aaa55e29483465/3x
peepoRain, gif, https://cdn.betterttv.net/emote/5c6b37bdadab351034b40dc5/3x
DonoWall, gif, https://cdn.betterttv.net/emote/5f29959d713a6144748ae376/3x
MYAAA, gif, https://cdn.betterttv.net/emote/5de568f991129e77b47c916a/3x
xqcSlam, gif, https://cdn.betterttv.net/emote/5cb9176c750fbb4a2533fc42/3x
ImTriggered, gif, https://cdn.betterttv.net/emote/55b11f64ac9c447a4e565d14/3x
FeelsStrongMan, png, https://cdn.betterttv.net/emote/58facc4aaffae60eac088397/3x
CLAP, gif, https://cdn.betterttv.net/emote/5bdee30a0aabfd2d72738adf/3x
POGPLANT, png, https://cdn.betterttv.net/emote/5b7ca091decbe272b64d3d7d/3x
BongoCat, gif, https://cdn.betterttv.net/emote/5b832af6e44b1e2906469c08/3x
pepePls, gif, https://cdn.betterttv.net/emote/5964f26d2e496b208df497a5/3x
SquirtleJam, gif, https://cdn.betterttv.net/emote/5d8d17d9d2458468c1f4978f/3x
Agakakskagesh, gif, https://cdn.betterttv.net/emote/58a57fa706e70d0465b29cd3/3x
dogJAM, gif, https://cdn.betterttv.net/emote/5f2e2fcf6f378244660275ae/3x
Woah, png, https://cdn.betterttv.net/emote/55006e5e8b95c6fb61482673/3x
CatKool, gif, https://cdn.betterttv.net/emote/589e5f0506e70d0465b27849/3x
AlienPls3, gif, https://cdn.betterttv.net/emote/5ea5b6cbd023b362f639427d/3x
Kissahomie, gif, https://cdn.betterttv.net/emote/5ef33318f91de70dea5bf9cd/3x
Saved, gif, https://cdn.betterttv.net/emote/5e56da6a95a74a54e385bccc/3x
ayayaJAM, gif, https://cdn.betterttv.net/emote/5c36c6981a0b6956017d6b01/3x
MEGALUL, png, https://cdn.betterttv.net/emote/579f9ac281108bf71a550e97/3x
Drake, gif, https://cdn.betterttv.net/emote/5e42e43ad736527d5cd2c616/3x
GandalfPls, gif, https://cdn.betterttv.net/emote/55b9de142c4d51070e45864c/3x
AYAYA, png, https://cdn.betterttv.net/emote/5cafb22c1a07c923f3f1db0e/3x
Monkas, png, https://cdn.betterttv.net/emote/5952d512023a013b5077a9ab/3x
elmoFire, gif, https://cdn.betterttv.net/emote/5d76c43abd340415e9f32fb1/3x
BlobDance, gif, https://cdn.betterttv.net/emote/5de265d260bd0702dc510c5e/3x
micMUTED, png, https://cdn.betterttv.net/emote/5a9a360c35035f0fd53689a0/3x
FeelsOKMan, gif, https://cdn.betterttv.net/emote/5cdaa967a591865373324fa6/3x
FeelsTastyMan, png, https://cdn.betterttv.net/emote/59474044e949fe3b435e3135/3x
NOIDONTTHINKSO, gif, https://cdn.betterttv.net/emote/5f10cdc819a5bd0524ecc8f7/3x
FeelsOhWait, gif, https://cdn.betterttv.net/emote/55ab96ce9406e5482db53424/3x
PeepoComfy, gif, https://cdn.betterttv.net/emote/5e0502e69e2cd00d968d5677/3x
peepoBlonket, png, https://cdn.betterttv.net/emote/5b8015ba3c482e0aaa9413be/3x
peepoLeaveFinger, gif, https://cdn.betterttv.net/emote/5e031d608608fb0da4122461/3x
TriFi, gif, https://cdn.betterttv.net/emote/5df0742ee7df1277b6070125/3x
FeelsSupportMan, png, https://cdn.betterttv.net/emote/5b7a0494ed39d816f122ebc5/3x
VVKool, gif, https://cdn.betterttv.net/emote/58779882c1869d570857515e/3x
peepoJAM, gif, https://cdn.betterttv.net/emote/5bc3d95236e2661664652806/3x
NOPERS, gif, https://cdn.betterttv.net/emote/5f503a0568d9d86c020db3bb/3x
pepeFASTJAM, gif, https://cdn.betterttv.net/emote/5d24b2b253fb4737754909d4/3x
monkaEXTREME, gif, https://cdn.betterttv.net/emote/5b8a9c6f80c14b0422a7b2a0/3x
peepoHug, png, https://cdn.betterttv.net/emote/5a1702fb8c22a247ead62d95/3x
Goose, gif, https://cdn.betterttv.net/emote/5d898f6bd2458468c1f485a1/3x
peepoPats, gif, https://cdn.betterttv.net/emote/5c53afb3c5744c56e7a951d1/3x
peepoGiggle, gif, https://cdn.betterttv.net/emote/5e1eb57cbca2995f13fb7ce7/3x
caveBob, png, https://cdn.betterttv.net/emote/57597e25848bf08c5f860bd3/3x
OMEGALAUGHING, gif, https://cdn.betterttv.net/emote/5b3fd6770f8f6c2547825a6f/3x
peepoGulag, gif, https://cdn.betterttv.net/emote/5e774ccfd112fc372574d6a1/3x
WineTime, gif, https://cdn.betterttv.net/emote/5c8b071bc9b377041a1b2506/3x
KEKLEO, png, https://cdn.betterttv.net/emote/5f395e0bb2efd65d77e8124f/3x
ClapHD, gif, https://cdn.betterttv.net/emote/5bba7b0f9318d3172d079f0a/3x
SmokeTime, gif, https://cdn.betterttv.net/emote/5c86b32aa787200418a68742/3x
pepeJAM, gif, https://cdn.betterttv.net/emote/5df2d1b7e7df1277b6070b1e/3x
Toxic, gif, https://cdn.betterttv.net/emote/5eb6a82ff0fb3f168c4ad3e3/3x
widepeepoSad, png, https://cdn.betterttv.net/emote/5ebd239bf0fb3f168c4b58f0/3x
ppOverHeat, gif, https://cdn.betterttv.net/emote/5e0e461e3267f72103fd2175/3x
OMEGASP, png, https://cdn.betterttv.net/emote/59c4321d8798a53d5af9b9a5/3x
BOOBA, gif, https://cdn.betterttv.net/emote/5ff767bc94ed120c66d39b87/3x
OkayChamp, png, https://cdn.betterttv.net/emote/5d2eb3dfabb461681ab7d4fb/3x
peepoWtf, png, https://cdn.betterttv.net/emote/5a93403a85dd670847d2d2eb/3x
FeelsBatMan, png, https://cdn.betterttv.net/emote/55f091b9de50f37c0a831147/3x
AwkwardFlushed, gif, https://cdn.betterttv.net/emote/5e15ccf3b640b52102c67fee/3x
CarltonPls, gif, https://cdn.betterttv.net/emote/55a0eddc1fe7cb4e415faff2/3x
NOTED, gif, https://cdn.betterttv.net/emote/5f402fe68abf185d76c7617a/3x
HYPERLUL, png, https://cdn.betterttv.net/emote/584b46fb32456b42e62b696b/3x
OkayChamp, png, https://cdn.betterttv.net/emote/5d2eb3dfabb461681ab7d4fb/3x
NoGodNo, gif, https://cdn.betterttv.net/emote/55a1848cbcf695554143613c/3x
BLANKIES, gif, https://cdn.betterttv.net/emote/60281df48fbb823604bde4e1/3x
dittoPride, gif, https://cdn.betterttv.net/emote/55e5658fb8729d3a39595832/3x
PogTasty, gif, https://cdn.betterttv.net/emote/5ebe1f72ec17d81685a4f97a/3x
MODS, gif, https://cdn.betterttv.net/emote/5ec068a99af1ea16863b2fc7/3x
Doits, gif, https://cdn.betterttv.net/emote/55a4499426b81c7c1108f169/3x
DESKCHAN, gif, https://cdn.betterttv.net/emote/5c85dc4075a4790417d03fdb/3x
AquaTriggered, gif, https://cdn.betterttv.net/emote/5c5246919af3bb75410e8aa8/3x
chikaPls, gif, https://cdn.betterttv.net/emote/5c5af65502062a20389a218f/3x
KEKW, gif, https://cdn.betterttv.net/emote/5efda210a2ac62053035f3cd/3x
BongoFat, gif, https://cdn.betterttv.net/emote/5c56ef1e39bfc520239863de/3x
FeelsThinkingMan, png, https://cdn.betterttv.net/emote/589cac4789782d0a4887f79c/3x
kittyGOGO, gif, https://cdn.betterttv.net/emote/5ba8986bc9f0f66a9efc1f5f/3x
AYAYABASS, gif, https://cdn.betterttv.net/emote/5bbecbb0605b7273d160f6f6/3x
RainbowPls, gif, https://cdn.betterttv.net/emote/5b35cae2f3a33e2b6f0058ef/3x
(ditto), gif, https://cdn.betterttv.net/emote/554da1a289d53f2d12781907/3x
TriDance, gif, https://cdn.betterttv.net/emote/5d1e70f498539c4801cc3811/3x
peepoHappy, png, https://cdn.betterttv.net/emote/5a16ee718c22a247ead62d4a/3x
monkaHmm, png, https://cdn.betterttv.net/emote/5aa16eb65d4a424654d7e3e5/3x
modCheck, gif, https://cdn.betterttv.net/emote/5d7eefb7c0652668c9e4d394/3x
sumSmash, gif, https://cdn.betterttv.net/emote/5af84b9e766af63db43bf6b9/3x
pepeDS, gif, https://cdn.betterttv.net/emote/5b444de56b9160327d12534a/3x
PepegaAim, gif, https://cdn.betterttv.net/emote/5d0d7140ca4f4b50240ff6b4/3x
weSmart, png, https://cdn.betterttv.net/emote/589771dc10c0975495c578d1/3x
monkaTOS, gif, https://cdn.betterttv.net/emote/5a7fd054b694db72eac253f4/3x
gachiGASM, png, https://cdn.betterttv.net/emote/55999813f0db38ef6c7c663e/3x
peepoArrive, gif, https://cdn.betterttv.net/emote/5d922afbc0652668c9e52ead/3x
KEKW, png, https://cdn.betterttv.net/emote/5ea831f074046462f768097a/3x
pepeJAMJAM, gif, https://cdn.betterttv.net/emote/5c36fba2c6888455faa2e29f/3x
peepoRun, gif, https://cdn.betterttv.net/emote/5bc7ff14664a3b079648dd66/3x
popCat, gif, https://cdn.betterttv.net/emote/5fa8f232eca18f6455c2b2e1/3x
PauseChamp, png, https://cdn.betterttv.net/emote/5cd6b08cf1dac14a18c4b61f/3x
peepoHey, gif, https://cdn.betterttv.net/emote/5c0e1a3c6c146e7be4ff5c0c/3x
pepeMeltdown, gif, https://cdn.betterttv.net/emote/5ba84271c9f0f66a9efc1c86/3x
FeelsRainMan, gif, https://cdn.betterttv.net/emote/57850b9df1bf2c1003a88644/3x
WAYTOODANK, gif, https://cdn.betterttv.net/emote/5ad22a7096065b6c6bddf7f3/3x
WeSmart, gif, https://cdn.betterttv.net/emote/5a311dd16405a95e4b0d4967/3x
bongoTap, gif, https://cdn.betterttv.net/emote/5ba6d5ba6ee0c23989d52b10/3x
gachiPRIDE, gif, https://cdn.betterttv.net/emote/587fc95dafc2ff756c3f3012/3x
HYPERBASS, gif, https://cdn.betterttv.net/emote/5b4d0bb1a13f8e3953e2819b/3x
LULW, png, https://cdn.betterttv.net/emote/5e741594d112fc372574ac49/3x
MmmHmm, gif, https://cdn.betterttv.net/emote/5a8e0e8d86cbeb5bd31abb8b/3x
catJAM, gif, https://cdn.betterttv.net/emote/5f74dcd9ce8bc74a942407aa/3x
forsenCoomer, gif, https://cdn.betterttv.net/emote/5ec7287010aaa55e294663dc/3x
BIGFROG, gif, https://cdn.betterttv.net/emote/5b554609c0c5fe4072478d04/3x
pugPls, gif, https://cdn.betterttv.net/emote/5ed3bde8f54be95e2a838279/3x
gorgHAIP, gif, https://cdn.betterttv.net/emote/5bc455a4b877251670e37f5b/3x
pepeDHaw, gif, https://cdn.betterttv.net/emote/5be6332c176166148ab8e673/3x
DanceBro, gif, https://cdn.betterttv.net/emote/573b1252c230ca016d2dcba9/3x
Pepego, gif, https://cdn.betterttv.net/emote/5c85dd4b2bc49a0419824494/3x
Brows, gif, https://cdn.betterttv.net/emote/5e22848b88e62a5f14dcb52b/3x
YAPPP, gif, https://cdn.betterttv.net/emote/5e0abc799e2cd00d968d72b7/3x
PeepoJuice, gif, https://cdn.betterttv.net/emote/5deaecf4515a2a77bc9e94ab/3x
REEEE, png, https://cdn.betterttv.net/emote/59936d9b19eb2036bf418137/3x
POLICE, gif, https://cdn.betterttv.net/emote/5e15e00c0550d42106b90042/3x
KKonaW, png, https://cdn.betterttv.net/emote/598215f47e71d43314a80ad2/3x
Clap2, gif, https://cdn.betterttv.net/emote/58484835f52be01a7ee5f11b/3x
prxGasm, png, https://cdn.betterttv.net/emote/55c2f86ff95ede671a79e47f/3x
PepeSpit, gif, https://cdn.betterttv.net/emote/5e3f1caed736527d5cd29c13/3x
peepoHey, gif, https://cdn.betterttv.net/emote/5e162859b640b52102c684f7/3x
PotatoTriggered, gif, https://cdn.betterttv.net/emote/5b9eea402e04a1152331ac68/3x
docSpin, gif, https://cdn.betterttv.net/emote/5e13c9140550d42106b8e48c/3x
