username, mod, sub, bot, bits, message
blademaster3001, 0, 31, 0, 0, "pepeLaugh TeaTime DONT TELL HIM pepeLaugh TeaTime DONT TELL HIM pepeLaugh TeaTime DONT TELL HIM pepeLaugh TeaTime DONT TELL HIM"
zeat100, 0, 0, 0, 0, "pepeLaugh TeaTime HAN VET INTE pepeLaugh TeaTime HAN VET INTE pepeLaugh TeaTime HAN VET INTE pepeLaugh TeaTime HAN VET INTE"
MrLayLay, 0, 0, 0, 0, "KEKVV zululDrums ABDULpls KEKVV zululDrums ABDULpls KEKVV zululDrums ABDULpls KEKVV zululDrums ABDULpls KEKVV zululDrums ABDULpls KEKVV zululDrums ABDULpls KEKVV zululDrums ABDULpls KEKVV zululDrums ABDULpls KEKVV zululDrums ABDULpls"
SuebiNoble, 0, 0, 0, 0, "Pog"
Dazzling_doge, 0, 21, 0, 0, "pepeLaugh"
Promanguy, 0, 0, 0, 0, "pepeLaugh"
keeki_mang, 0, 14, 0, 0, "pepeLaugh I ALSO DONT KNOW pepeLaugh I ALSO DONT KNOW pepeLaugh I ALSO DONT KNOW pepeLaugh I ALSO DONT KNOW pepeLaugh I ALSO DONT KNOW pepeLaugh I ALSO DONT KNOW."
blademaster3001, 0, 31, 0, 0, "pepeLaugh TeaTime DONT TELL HIM pepeLaugh TeaTime DONT TELL HIM pepeLaugh TeaTime DONT TELL HIM pepeLaugh TeaTime DONT TELL HIM Û†ÄÄ"
Bnasit, 0, 0, 0, 0, "zululDrums  ABDULpls ‚òù"
d66y, 0, 0, 0, 0, "pepeLaugh üßΩ  OMEGALUL ‚ú® POLISHING pepeLaugh üßΩ  OMEGALUL ‚ú® POLISHING pepeLaugh üßΩ  OMEGALUL ‚ú® POLISHING pepeLaugh üßΩ  OMEGALUL ‚ú® POLISHING"
RedResolve, 0, 5, 0, 0, "Pog what is this"
Nekisen, 0, 49, 0, 0, "@forsen TYPE ""/players 8"" FOR MORE EXP AND BETTER LOOT forsenScoots ."
qOqpOp_poe, 0, 0, 0, 0, "not really, it was censored for america not really, it was censored for america not really, it was censored for america not really, it was censored for america not really, it was censored for america not really, it was censored for america not really, it was censored for america"
Aidlikeit, 0, 0, 0, 0, "I TOLD HIM :tf: I TOLD HIM :tf: I TOLD HIM :tf: I TOLD HIM :tf: I TOLD HIM :tf: I TOLD HIM :tf: I TOLD HIM :tf:"
coronedmonkas, 0, 0, 0, 0, "PagMan"
EinBaum, 0, 0, 0, 0, "WAYTOODANK"
bongscoper, 0, 0, 0, 0, "zululDrums ABDULpls zululDrums ABDULpls zululDrums ABDULpls zululDrums ABDULpls zululDrums ABDULpls zululDrums ABDULpls"
Olegos1337, 0, 0, 0, 0, "pepeLaugh"
blademaster3001, 0, 31, 0, 0, "pepeLaugh TeaTime DONT TELL HIM pepeLaugh TeaTime DONT TELL HIM pepeLaugh TeaTime DONT TELL HIM pepeLaugh TeaTime DONT TELL HIM"
voidscomber, 0, 0, 0, 0, "PagMAn"
kataoka008, 0, 9, 0, 0, "THIS PART OMEGALUL"
Yaaaaaaaawn, 0, 49, 0, 0, "pepeLaugh TeaTime HERE IT COMES pepeLaugh TeaTime HERE IT COMES pepeLaugh TeaTime HERE IT COMES pepeLaugh TeaTime HERE IT COMES pepeLaugh TeaTime HERE IT COMES Û†ÄÄ Û†ÄÄ Û†ÄÄ"
Annonn140, 0, 0, 0, 0, "pepeLaugh HERE WE GO"
Bnasit, 0, 0, 0, 0, "zululDrums  ABDULpls ‚òù Û†ÄÄ"
zeat100, 0, 0, 0, 0, "pepeLaugh TeaTime HAN VET INTE pepeLaugh TeaTime HAN VET INTE pepeLaugh TeaTime HAN VET INTE pepeLaugh TeaTime HAN VET INTE pepeLaugh TeaTime HAN VET INTE"
d66y, 0, 0, 0, 0, "pepeLaugh üßΩ  OMEGALUL ‚ú® POLISHING pepeLaugh üßΩ  OMEGALUL ‚ú® POLISHING pepeLaugh üßΩ  OMEGALUL ‚ú® POLISHING pepeLaugh üßΩ  OMEGALUL ‚ú® POLISHING Û†ÄÄ"
blademaster3001, 0, 31, 0, 0, "pepeLaugh TeaTime DONT TELL HIM pepeLaugh TeaTime DONT TELL HIM pepeLaugh TeaTime DONT TELL HIM pepeLaugh TeaTime DONT TELL HIM Û†ÄÄ"
kingboofed, 0, 0, 0, 0, "HARDENS gachiHYPER"
TobiOnar, 0, 0, 0, 0, "WAYTOODANK"
PorryhatterTV, 0, 0, 0, 0, "SOUTH"
Skeenerbug, 0, 5, 0, 0, "pepeLaugh"
flappie6, 0, 0, 0, 0, "WAYTOODANK"
lVl4T, 0, 0, 0, 0, "pepeLaugh"
Nekisen, 0, 49, 0, 0, "@forsen TYPE ""/players 8"" FOR MORE EXP AND BETTER LOOT forsenScoots"
abstractssss, 0, 17, 0, 0, "pepeLaugh TeaTime ANY SECOND NOW pepeLaugh TeaTime ANY SECOND NOW pepeLaugh TeaTime ANY SECOND NOW pepeLaugh TeaTime ANY SECOND NOW"
Himenesu, 0, 0, 0, 0, "PagChomp"
su0ne, 0, 0, 0, 0, "pepeLaugh TeaTime OH NO NO pepeLaugh TeaTime OH NO NO pepeLaugh TeaTime OH NO NO pepeLaugh TeaTime OH NO NO pepeLaugh TeaTime OH NO NO pepeLaugh TeaTime OH NO NO"
blademaster3001, 0, 31, 0, 0, "pepeLaugh TeaTime DONT TELL HIM pepeLaugh TeaTime DONT TELL HIM pepeLaugh TeaTime DONT TELL HIM pepeLaugh TeaTime DONT TELL HIM"
Magotch, 0, 6, 0, 0, "pepeLaugh"
Aidlikeit, 0, 0, 0, 0, "I TOLD HIM :tf: I TOLD HIM :tf: I TOLD HIM :tf: I TOLD HIM :tf: I TOLD HIM :tf: I TOLD HIM :tf: I TOLD HIM :tf: I TOLD HIM :tf:"
voidscomber, 0, 0, 0, 0, "PagMan"
burgerkeen, 0, 22, 0, 0, "pepeLaugh"
Just_get_a_sub, 0, 0, 0, 0, "PagMan"
JEAN_LUC_PICARD, 0, 0, 0, 0, "pepeLaugh TeaTime HERE IT COMES pepeLaugh TeaTime HERE IT COMES pepeLaugh TeaTime HERE IT COMES pepeLaugh TeaTime HERE IT COMES pepeLaugh TeaTime HERE IT COMES Û†ÄÄ Û†ÄÄ Û†ÄÄ"
RamshackleV952, 0, 0, 0, 0, "THIS PLACE pepeLaugh"
laweaespacial, 0, 9, 0, 0, "pepeLaugh"
karwoof, 0, 0, 0, 0, "pepeLaugh"
Yaaaaaaaawn, 0, 49, 0, 0, "pepeLaugh TeaTime HERE IT COMES pepeLaugh TeaTime HERE IT COMES pepeLaugh TeaTime HERE IT COMES pepeLaugh TeaTime HERE IT COMES pepeLaugh TeaTime HERE IT COMES Û†ÄÄ Û†ÄÄ"
Smthy__, 0, 2, 0, 0, "forsenCoomer"
Nekisen, 0, 49, 0, 0, "@forsen TYPE ""/players 8"" FOR MORE EXP AND BETTER LOOT forsenScoots ."
piraz2222, 0, 0, 0, 0, "ON NIE WIE pepeLaugh TeaTime ON NIE WIE pepeLaugh TeaTime ON NIE WIE pepeLaugh TeaTime ON NIE WIE pepeLaugh TeaTime"
blademaster3001, 0, 31, 0, 0, "pepeLaugh TeaTime ANY SECOND NOW pepeLaugh TeaTime ANY SECOND NOW pepeLaugh TeaTime ANY SECOND NOW pepeLaugh TeaTime ANY SECOND NOW"
d66y, 0, 0, 0, 0, "pepeLaugh üßΩ  OMEGALUL ‚ú® POLISHING pepeLaugh üßΩ  OMEGALUL ‚ú® POLISHING pepeLaugh üßΩ  OMEGALUL ‚ú® POLISHING pepeLaugh üßΩ  OMEGALUL ‚ú® POLISHING"
zeat100, 0, 0, 0, 0, "pepeLaugh TeaTime HAN VET INTE pepeLaugh TeaTime HAN VET INTE pepeLaugh TeaTime HAN VET INTE pepeLaugh TeaTime HAN VET INTE"
vi_vil_vin, 0, 0, 0, 0, "pepeLaugh TeaTime pepeLaugh TeaTime pepeLaugh TeaTime pepeLaugh TeaTime pepeLaugh TeaTime pepeLaugh TeaTime"
twiffel, 0, 0, 0, 0, "gachiHYPER"
abstractssss, 0, 17, 0, 0, "pepeLaugh TeaTime ANY SECOND NOW pepeLaugh TeaTime ANY SECOND NOW"
FabDelux, 0, 0, 0, 0, "pepeLaugh JEDEN MOMENT pepeLaugh JEDEN MOMENT pepeLaugh JEDEN MOMENT pepeLaugh JEDEN MOMENT pepeLaugh JEDEN MOMENT"
JakeSnowy, 0, 0, 0, 0, "pepeLaugh oh no no"
flappie6, 0, 0, 0, 0, "WAYTOODANK WAYTOODANK WAYTOODANK WAYTOODANK WAYTOODANK WAYTOODANK WAYTOODANK WAYTOODANK"
denisfdenis, 0, 0, 0, 0, "forsenInsane"
trypson, 0, 40, 0, 0, "pepeLaugh"
Magotch, 0, 6, 0, 0, "pepeLaugh TeaTime"
blademaster3001, 0, 31, 0, 0, "pepeLaugh TeaTime ANY SECOND NOW pepeLaugh TeaTime ANY SECOND NOW pepeLaugh TeaTime ANY SECOND NOW pepeLaugh TeaTime ANY SECOND NOW Û†ÄÄ"
diwyrnach, 0, 28, 0, 0, "pepeLaugh"
SuebiNoble, 0, 0, 0, 0, "PepeLaugh"
Aidlikeit, 0, 0, 0, 0, "I TOLD HIM :tf: I TOLD HIM :tf: I TOLD HIM :tf: I TOLD HIM :tf: I TOLD HIM :tf: I TOLD HIM :tf: I TOLD HIM :tf:"
Overfarmed, 0, 0, 0, 0, "wp"
gachibaj69, 0, 0, 0, 0, "FeelsGoodMan"
Smthy__, 0, 2, 0, 0, "FeelsGoodMan"
Mavvi, 0, 0, 0, 0, "PepeLaugh Always the last"
dragon_chicken, 0, 0, 0, 0, "pepeLaugh"
dekebalos, 0, 12, 0, 0, "FeelsGoodMan Clap"
Nekisen, 0, 49, 0, 0, "@forsen TYPE ""/players 8"" FOR MORE EXP AND BETTER LOOT forsenScoots"
d66y, 0, 0, 0, 0, "pepeLaugh üßΩ  OMEGALUL ‚ú® POLISHING pepeLaugh üßΩ  OMEGALUL ‚ú® POLISHING pepeLaugh üßΩ  OMEGALUL ‚ú® POLISHING pepeLaugh üßΩ  OMEGALUL ‚ú® POLISHING Û†ÄÄ"
Shungite_Trillionaire, 0, 0, 0, 0, "pepeLaugh yes"
blademaster3001, 0, 31, 0, 0, "pepeLaugh TeaTime ANY SECOND NOW pepeLaugh TeaTime ANY SECOND NOW pepeLaugh TeaTime ANY SECOND NOW pepeLaugh TeaTime ANY SECOND NOW"
Magotch, 0, 6, 0, 0, "pepeLaugh"
FructoseComa, 0, 0, 0, 0, "PepeLaugh"
infratoryx, 0, 0, 0, 0, "pepeLaugh"
RhapsodyVIIx, 0, 0, 0, 0, "pepeLaugh TeaTime EL NO SABE pepeLaugh TeaTime EL NO SABE pepeLaugh TeaTime EL NO SABE pepeLaugh TeaTime EL NO SABE pepeLaugh TeaTime EL NO SABE"
Dazzling_doge, 0, 21, 0, 0, "pepeLaugh TeaTime 4TH WAY"
WillyDeSavage, 0, 1, 0, 0, "pepeLaugh TeaTime Û†ÄÄ üá±üáπ Bet kuris momentas pepeLaugh TeaTime Û†ÄÄ üá±üáπ Bet kuris momentas pepeLaugh TeaTime Û†ÄÄ üá±üáπ Bet kuris momentas pepeLaugh TeaTime Û†ÄÄ üá±üáπ Bet kuris momentas pepeLaugh TeaTime Û†ÄÄ üá±üáπ Bet kuris momentas"
MementoAnxius, 0, 0, 0, 0, "pepeLaugh HORAZON pepeLaugh HORAZON pepeLaugh HORAZON pepeLaugh HORAZON"
Olegos1337, 0, 0, 0, 0, "pepeLaugh HERE WE GO"
WingedSquirrel, 0, 0, 0, 0, "pepeLaugh TeaTime"
Smthy__, 0, 2, 0, 0, "FeelsGoodMan Û†ÄÄ"
abstractssss, 0, 17, 0, 0, "pepeLaugh TeaTime ANY SECOND NOW pepeLaugh TeaTime ANY SECOND NOW pepeLaugh TeaTime ANY SECOND NOW"
coronedmonkas, 0, 0, 0, 0, "pepeLaugh"
lulw_true_lul, 0, 1, 0, 0, "pepeLaugh TeaTime pepeLaugh TeaTime pepeLaugh TeaTime pepeLaugh TeaTime pepeLaugh TeaTime pepeLaugh TeaTime pepeLaugh TeaTime pepeLaugh TeaTime pepeLaugh TeaTime pepeLaugh TeaTime pepeLaugh TeaTime"
6a7enah, 0, 0, 0, 0, "pepeLaugh TeaTime . o O ( eShrug ??? ) pepeLaugh TeaTime . o O ( eShrug ??? ) pepeLaugh TeaTime . o O ( eShrug ??? ) pepeLaugh TeaTime . o O ( eShrug ??? )"
Emperor_Pepega, 0, 0, 0, 0, "LUL"
Khaled_Taka, 0, 0, 0, 0, "pepeLaugh TeaTime"
Bnasit, 0, 0, 0, 0, "FeelsGoodMan Clap"
PorryhatterTV, 0, 0, 0, 0, "wrong way"
blademaster3001, 0, 31, 0, 0, "pepeLaugh TeaTime ANY SECOND NOW pepeLaugh TeaTime ANY SECOND NOW pepeLaugh TeaTime ANY SECOND NOW pepeLaugh TeaTime ANY SECOND NOW Û†ÄÄ"
JEAN_LUC_PICARD, 0, 0, 0, 0, "pepeLaugh TeaTime ANY SECOND NOW pepeLaugh TeaTime ANY SECOND NOW pepeLaugh TeaTime ANY SECOND NOW pepeLaugh TeaTime ANY SECOND NOW Û†ÄÄ"
SuperPapiPig, 0, 4, 0, 0, "SuperPapiPig: SuperPapiPig: SuperPapiPig: SuperPapiPig: SuperPapiPig: SuperPapiPig: SuperPapiPig: forsenScoots"
pep202, 0, 0, 0, 0, "pepeLaugh THIS PLACE"
yorderie_xd, 0, 0, 0, 0, "forsenY 1/4"
keeki_mang, 0, 14, 0, 0, "FeelsGoodMan"
racc34, 0, 0, 0, 0, "pepeLaugh TeaTime HERE IT COMES pepeLaugh TeaTime HERE IT COMES pepeLaugh TeaTime HERE IT COMES pepeLaugh TeaTime HERE IT COMES"
kryml, 0, 0, 0, 0, "yes"
Aidlikeit, 0, 0, 0, 0, "I TOLD HIM :tf: I TOLD HIM :tf: I TOLD HIM :tf: I TOLD HIM :tf: I TOLD HIM :tf: I TOLD HIM :tf: I TOLD HIM :tf: I TOLD HIM :tf:"
RhapsodyVIIx, 0, 0, 0, 0, "pepeLaugh TeaTime EL NO SABE pepeLaugh TeaTime EL NO SABE pepeLaugh TeaTime EL NO SABE pepeLaugh TeaTime EL NO SABE pepeLaugh TeaTime EL NO SABE ‚†Ä"
kataoka008, 0, 9, 0, 0, "THIS PART WAYTOODANK"
Skeenerbug, 0, 5, 0, 0, "pepeLaugh TeaTime"
ChichiNcZ, 0, 0, 0, 0, "FeelsGoodMan Clap"
Magotch, 0, 6, 0, 0, "pepeLaugh TeaTime"
Smthy__, 0, 2, 0, 0, "FeelsGoodMan"
triik0s, 0, 0, 0, 0, "FeelsGoodMan Clap Û†ÄÄ"
MementoAnxius, 0, 0, 0, 0, "pepeLaugh HORAZON pepeLaugh HORAZON pepeLaugh HORAZON pepeLaugh HORAZON pepeLaugh HORAZON"
kakku55, 0, 0, 0, 0, "pepeLaugh WP"
teapotsen, 0, 0, 0, 0, "pepeLaugh OK HERE WE GO"
Mukir42, 0, 0, 0, 0, "the waypoint..."
doodledom24, 0, 2, 0, 0, "FeelsGoodMan Clap"
OiYaBeauty, 0, 0, 0, 0, "FeelsGoodMan"
laweaespacial, 0, 9, 0, 0, "pepeLaugh TeaTime HERE WE GO Û†ÄÄ"
trypson, 0, 40, 0, 0, "pepeLaugh HERE IT COMES"
d66y, 0, 0, 0, 0, "pepeLaugh üßΩ  OMEGALUL ‚ú® POLISHING pepeLaugh üßΩ  OMEGALUL ‚ú® POLISHING pepeLaugh üßΩ  OMEGALUL ‚ú® POLISHING pepeLaugh üßΩ  OMEGALUL ‚ú® POLISHING"
d0x0b, 0, 17, 0, 0, "pepeLaugh Û†ÄÄ"
triik0s, 0, 0, 0, 0, "FeelsGoodMan Clap"
midna141, 0, 0, 0, 0, "4TH WAY INCOMING pepeLaugh"
Just_get_a_sub, 0, 0, 0, 0, "pepeLaugh TeaTime"
K9loop, 0, 10, 0, 0, "forsenInsane ENDER PORTAL"
Smthy__, 0, 2, 0, 0, "FeelsGoodMan Û†ÄÄ"
lumaak1, 0, 0, 0, 0, "pepeLaugh ALMOST THERE pepeLaugh ALMOST THERE pepeLaugh ALMOST THERE pepeLaugh ALMOST THERE pepeLaugh ALMOST THERE"
gachiBASS_Clap, 0, 0, 0, 0, "LULW"
Bnasit, 0, 0, 0, 0, "FeelsGoodMan Clap Û†ÄÄ"
keeki_mang, 0, 14, 0, 0, "pepeLaugh I ALSO DONT KNOW pepeLaugh I ALSO DONT KNOW pepeLaugh I ALSO DONT KNOW pepeLaugh I ALSO DONT KNOW pepeLaugh I ALSO DONT KNOW pepeLaugh I ALSO DONT KNOW."
FructoseComa, 0, 0, 0, 0, "PepeLaugh OH NONONO"
true_pepega, 0, 10, 0, 0, "pepeLaugh TeaTime THIS PLACE"
lulw_true_lul, 0, 1, 0, 0, "pepeLaugh TeaTime pepeLaugh TeaTime pepeLaugh TeaTime pepeLaugh TeaTime pepeLaugh TeaTime pepeLaugh TeaTime pepeLaugh TeaTime pepeLaugh TeaTime pepeLaugh TeaTime pepeLaugh TeaTime pepeLaugh TeaTime Û†ÄÄ"
tDeadrogue, 0, 0, 0, 0, "pepeLaugh TeaTime pepeLaugh TeaTime pepeLaugh TeaTime pepeLaugh TeaTime"
cpricec, 0, 0, 0, 0, "pepeLaugh TeaTime"
triik0s, 0, 0, 0, 0, "FeelsGoodMan Clap Û†ÄÄ"
zanics, 0, 20, 0, 0, "WAYTOODANK"
MrRuby, 0, 13, 0, 0, "WAYPOINT forsenY"
d66y, 0, 0, 0, 0, "pepeLaugh üßΩ  OMEGALUL ‚ú® POLISHING pepeLaugh üßΩ  OMEGALUL ‚ú® POLISHING pepeLaugh üßΩ  OMEGALUL ‚ú® POLISHING pepeLaugh üßΩ  OMEGALUL ‚ú® POLISHING Û†ÄÄ"
Archmemon, 0, 0, 0, 0, "waypoint dude"
chalarden_, 0, 48, 0, 0, "YES pepeLaugh YES pepeLaugh YES pepeLaugh YES pepeLaugh"
123kki, 0, 0, 0, 0, "FeelsStrongMan FeelsStrongMan FeelsStrongMan"
Bnasit, 0, 0, 0, 0, "FeelsGoodMan Clap"
Nicdel, 0, 0, 0, 0, "didnt get wp pepeLaugh"
Snusbot, 1, 80, 1, 0, "Looking for a Pleb Free Zone? Join other subscribers on Discord by typing !discord in chat and following the instructions."
racc34, 0, 0, 0, 0, "pepeLaugh TeaTime HERE IT COMES pepeLaugh TeaTime HERE IT COMES pepeLaugh TeaTime HERE IT COMES pepeLaugh TeaTime HERE IT COMES Û†ÄÄ"
MementoAnxius, 0, 0, 0, 0, "pepeLaugh HORAZON pepeLaugh HORAZON pepeLaugh HORAZON pepeLaugh HORAZON pepeLaugh HORAZON pepeLaugh HORAZON"
Nekisen, 0, 49, 0, 0, "@forsen TYPE ""/players 8"" FOR MORE EXP AND BETTER LOOT forsenScoots ."
flappie6, 0, 0, 0, 0, "WAYTOODANK WAYTOODANK WAYTOODANK WAYTOODANK WAYTOODANK WAYTOODANK WAYTOODANK WAYTOODANK WAYTOODANK WAYTOODANK WAYTOODANK WAYTOODANK WAYTOODANK"
TheRainbowViking, 0, 0, 0, 0, "pepeLaugh"
Bobbobbobobb, 0, 0, 0, 0, "FeelsGoodMan"
Rogo_u, 0, 0, 0, 0, "YES OMEGALUL"
JUST_GET_A_HOUSE_4House, 0, 0, 0, 0, "pepeLaugh oh no no no"
zuqei, 0, 0, 0, 0, "pepeLaugh TeaTime"
Smthy__, 0, 2, 0, 0, "FeelsGoodMan"
b3ltsi, 0, 0, 0, 0, "pepeLaugh"
PanagiotisH, 0, 0, 0, 0, "pepeLaugh TeaTime EL NO SABE pepeLaugh TeaTime EL NO SABE pepeLaugh TeaTime EL NO SABE pepeLaugh TeaTime EL NO SABE pepeLaugh TeaTime EL NO SABE ‚†Ä"
MrLayLay, 0, 0, 0, 0, "FeelsGoodMan"
wutschnell, 0, 0, 0, 0, "wp OMEGALUL"
rich_wilde, 0, 4, 0, 0, "FeelsGoodMan CLap"
supasoldier, 0, 0, 0, 0, "pepeLaugh HERE IT COMES"
angryg3cko, 0, 0, 0, 0, "pepeLaugh"
abstractssss, 0, 17, 0, 0, "pepeLaugh TeaTime ANY SECOND NOW pepeLaugh TeaTime ANY SECOND NOW pepeLaugh TeaTime ANY SECOND NOW pepeLaugh TeaTime ANY SECOND NOW"
Olegos1337, 0, 0, 0, 0, "pepeLaugh HERE WE GO pepeLaugh HERE WE GO pepeLaugh HERE WE GO pepeLaugh HERE WE GO"
srmXelos, 0, 0, 0, 0, "FeelsGoodMan Clap"
laweaespacial, 0, 9, 0, 0, "pepeLaugh TeaTime HERE WE GO"
coronedmonkas, 0, 0, 0, 0, "pepeLaugh TeaTime FINALLY ? pepeLaugh TeaTime FINALLY ? pepeLaugh TeaTime FINALLY ?"
Smthy__, 0, 2, 0, 0, "FeelsGoodMan Û†ÄÄ"
racc34, 0, 0, 0, 0, "pepeLaugh TeaTime HERE IT COMES pepeLaugh TeaTime HERE IT COMES pepeLaugh TeaTime HERE IT COMES pepeLaugh TeaTime HERE IT COMES"
teapotsen, 0, 0, 0, 0, "pepeLaugh OK HERE WE GO pepeLaugh OK HERE WE GO pepeLaugh OK HERE WE GO pepeLaugh OK HERE WE GO pepeLaugh OK HERE WE GO"
SadRosh, 0, 0, 0, 0, "WAYTOODANK"
Nekisen, 0, 49, 0, 0, "@forsen TYPE ""/players 8"" FOR MORE EXP AND BETTER LOOT forsenScoots"
ShoorikSnootch, 0, 0, 0, 0, "not getting waypoint OMFG SO BAD OMEGALUL"
TL_BUSTA, 0, 1, 0, 0, "pepeLaugh TeaTime"
Kaloszayy, 0, 0, 0, 0, "pepeLaugh TeaTime NEM TUDJA pepeLaugh TeaTime NEM TUDJA pepeLaugh TeaTime NEM TUDJA pepeLaugh TeaTime NEM TUDJA pepeLaugh TeaTime NEM TUDJA pepeLaugh TeaTime NEM TUDJA pepeLaugh TeaTime NEM TUDJA"
lifsu, 0, 46, 0, 0, "OMEGALUL missed wp"
JEAN_LUC_PICARD, 0, 0, 0, 0, "pepeLaugh I ALSO DONT KNOW pepeLaugh I ALSO DONT KNOW pepeLaugh I ALSO DONT KNOW pepeLaugh I ALSO DONT KNOW pepeLaugh I ALSO DONT KNOW pepeLaugh I ALSO DONT KNOW."
Arctic_SG, 0, 1, 0, 0, "FeelsGoodMan Clap CANCER"
EinBaum, 0, 0, 0, 0, "pepeLaugh"
Svenson_ga, 0, 0, 0, 0, "pepeLaugh HERE WE GO"
Kevin_Bakin, 0, 2, 0, 0, "skipped waypoint lul"
MementoAnxius, 0, 0, 0, 0, "pepeLaugh HORAZON pepeLaugh HORAZON pepeLaugh HORAZON pepeLaugh HORAZON pepeLaugh HORAZON"
forsenBlunder, 0, 0, 0, 0, "OH NO NO pepeLaugh"
Onekrigg, 0, 0, 0, 0, "didnt take the waypoint KEKW"
SpeFahd, 0, 0, 0, 0, "YOU FORGOT THE WAYPOINT"
Smthy__, 0, 2, 0, 0, "FeelsGoodMan"
Yaaaaaaaawn, 0, 49, 0, 0, "pepeLaugh TeaTime HERE IT COMES pepeLaugh TeaTime HERE IT COMES pepeLaugh TeaTime HERE IT COMES pepeLaugh TeaTime HERE IT COMES pepeLaugh TeaTime HERE IT COMES Û†ÄÄ Û†ÄÄ Û†ÄÄ"
coronedmonkas, 0, 0, 0, 0, "pepeLaugh TeaTime FINALLY ? pepeLaugh TeaTime FINALLY ? pepeLaugh TeaTime FINALLY ? pepeLaugh TeaTime FINALLY ? pepeLaugh TeaTime FINALLY ?"
TL_BUSTA, 0, 1, 0, 0, "pepeLaugh TeaTime Û†ÄÄ"
zeat100, 0, 0, 0, 0, "WAYTOODANK ¬ß"
JakeSnowy, 0, 0, 0, 0, "pepeLaugh TeaTime TIME HAS COME"
BeingZur, 0, 0, 0, 0, "FeelsGoodMan Clap"
6a7enah, 0, 0, 0, 0, "?????? pepeLaugh ?????? pepeLaugh ?????? pepeLaugh ?????? pepeLaugh ?????? pepeLaugh ?????? pepeLaugh"
Skeeeey, 0, 0, 0, 0, "pepeLaugh TeaTime"
Nekisen, 0, 49, 0, 0, "@forsen TYPE ""/players 8"" FOR MORE EXP AND BETTER LOOT forsenScoots ."
Swiftlame, 0, 0, 0, 0, "25%"
TL_BUSTA, 0, 1, 0, 0, "pepeLaugh TeaTime"
keeki_mang, 0, 14, 0, 0, "pepeLaugh I ALSO DONT KNOW pepeLaugh I ALSO DONT KNOW pepeLaugh I ALSO DONT KNOW pepeLaugh I ALSO DONT KNOW pepeLaugh I ALSO DONT KNOW pepeLaugh I ALSO DONT KNOW"
aintdrian, 0, 4, 0, 0, "forsenInsane ARCANE FORTRESS"
juniorfd, 0, 0, 0, 0, "pepeLaugh I ALSO DONT KNOW pepeLaugh I ALSO DONT KNOW pepeLaugh I ALSO DONT KNOW pepeLaugh I ALSO DONT KNOW pepeLaugh I ALSO DONT KNOW pepeLaugh I ALSO DONT KNOW."
MementoAnxius, 0, 0, 0, 0, "pepeLaugh HORAZON pepeLaugh HORAZON pepeLaugh HORAZON pepeLaugh HORAZON pepeLaugh HORAZON pepeLaugh HORAZON"
Promanguy, 0, 0, 0, 0, "pepeLaugh 1/4 pepeLaugh 1/4 pepeLaugh 1/4 pepeLaugh 1/4 pepeLaugh 1/4"
coronedmonkas, 0, 0, 0, 0, "pepeLaugh TeaTime FINALLY ? pepeLaugh TeaTime FINALLY ? pepeLaugh TeaTime FINALLY ? pepeLaugh TeaTime FINALLY ?"
TL_BUSTA, 0, 1, 0, 0, "pepeLaugh TeaTime Û†ÄÄ"
kryml, 0, 26, 0, 0, "don't forget the waypoint"
rich_wilde, 0, 4, 0, 0, "FeelsGoodMan Clap"
lulw_true_lul, 0, 1, 0, 0, "pepeLaugh TeaTime pepeLaugh TeaTime pepeLaugh TeaTime pepeLaugh TeaTime pepeLaugh TeaTime pepeLaugh TeaTime pepeLaugh TeaTime pepeLaugh TeaTime pepeLaugh TeaTime pepeLaugh TeaTime pepeLaugh TeaTime"
laweaespacial, 0, 9, 0, 0, "pepeLaugh TeaTime HERE WE GO Û†ÄÄ"
Yaaaaaaaawn, 0, 49, 0, 0, "pepeLaugh TeaTime HERE IT COMES pepeLaugh TeaTime HERE IT COMES pepeLaugh TeaTime HERE IT COMES pepeLaugh TeaTime HERE IT COMES pepeLaugh TeaTime HERE IT COMES Û†ÄÄ Û†ÄÄ"
godlikeiaer, 0, 0, 0, 0, "forsenInsane THIS IS THE RUN"
Dahummm, 0, 37, 0, 0, "MISSED WAYPOINT pepeLaugh MISSED WAYPOINT pepeLaugh MISSED WAYPOINT pepeLaugh MISSED WAYPOINT pepeLaugh"
GerzyCZ, 0, 0, 0, 0, "NotLikeThis"
TL_BUSTA, 0, 0, 0, 0, "pepeLaugh TeaTime"
bog_waiting_room, 0, 19, 0, 0, "GachiPls forsenY"
Nekisen, 0, 49, 0, 0, "@forsen TYPE ""/players 8"" FOR MORE EXP AND BETTER LOOT forsenScoots"
chalarden_, 0, 48, 0, 0, "pepeLaugh WRONG WAY"
supasoldier, 0, 0, 0, 0, "pepeLaugh TeaTime"
WillyDeSavage, 0, 1, 0, 0, "pepeLaugh TeaTime Û†ÄÄ üá±üáπ Bet kuris momentas pepeLaugh TeaTime Û†ÄÄ üá±üáπ Bet kuris momentas"
gachiBASS_Clap, 0, 0, 0, 0, "RETARDED LULW"
eimartalves, 0, 0, 0, 0, "FeelsGoodMan Clap"
SoporificFob, 0, 0, 0, 0, "pepeLaugh TeaTime HERE IT COMES pepeLaugh TeaTime HERE IT COMES pepeLaugh TeaTime HERE IT COMES pepeLaugh TeaTime HERE IT COMES pepeLaugh TeaTime HERE IT COMES"
TL_BUSTA, 0, 1, 0, 0, "pepeLaugh TeaTime Û†ÄÄ"
kataoka008, 0, 9, 0, 0, "THIS PART WAYTOODANK THIS PART WAYTOODANK THIS PART WAYTOODANK THIS PART WAYTOODANK THIS PART WAYTOODANK THIS PART WAYTOODANK THIS PART WAYTOODANK"
MementoAnxius, 0, 0, 0, 0, "pepeLaugh HORAZON pepeLaugh HORAZON pepeLaugh HORAZON pepeLaugh HORAZON pepeLaugh HORAZON"
chalarden_, 0, 48, 0, 0, "pepeLaugh WRONG WAY pepeLaugh WRONG WAY pepeLaugh WRONG WAY pepeLaugh WRONG WAY"
Dazzling_doge, 0, 21, 0, 0, "pepeLaugh TeaTime 4TH WAY Û†ÄÄ"
Knalle, 0, 0, 0, 0, "pepeLaugh TeaTime Here we go"
ChichiNcZ, 0, 0, 0, 0, "4TH WAYSEN pepeLaugh"
trypson, 0, 40, 0, 0, "pepeLaugh ANY SECOND NOW"
isomonk, 0, 20, 0, 0, "pepeLaugh TeaTime √áA VIENT pepeLaugh TeaTime √áA VIENT pepeLaugh TeaTime √áA VIENT pepeLaugh TeaTime √áA VIENT pepeLaugh TeaTime √áA VIENT"
crosspizza, 0, 0, 0, 0, "pepeLaugh nymnCorn"
WillyDeSavage, 0, 1, 0, 0, "pepeLaugh TeaTime Û†ÄÄ üá±üáπ Bet kuris momentas pepeLaugh TeaTime Û†ÄÄ üá±üáπ Bet kuris momentas pepeLaugh TeaTime Û†ÄÄ üá±üáπ Bet kuris momentas pepeLaugh TeaTime Û†ÄÄ üá±üáπ Bet kuris momentas pepeLaugh TeaTime Û†ÄÄ üá±üáπ Bet kuris momentas"
CrazyCuttlefish, 0, 0, 0, 0, "WAIT 10 MINS CHAT pepeLaugh TeaTime WAIT 10 MINS CHAT pepeLaugh TeaTime WAIT 10 MINS CHAT pepeLaugh TeaTime WAIT 10 MINS CHAT pepeLaugh TeaTime"
TL_BUSTA, 0, 1, 0, 0, "pepeLaugh TeaTime"
doodledom24, 0, 2, 0, 0, "LIDL AIM LULE"
battlefrog99, 0, 0, 0, 0, "pepeLaugh ITS TIME"
Burnsounet, 0, 0, 0, 0, "wp pepeLaugh TeaTime"
Nekisen, 0, 49, 0, 0, "@forsen TYPE ""/players 8"" FOR MORE EXP AND BETTER LOOT forsenScoots ."
Yaaaaaaaawn, 0, 0, 0, 0, "pepeLaugh TeaTime HERE IT COMES pepeLaugh TeaTime HERE IT COMES pepeLaugh TeaTime HERE IT COMES pepeLaugh TeaTime HERE IT COMES pepeLaugh TeaTime HERE IT COMES Û†ÄÄ Û†ÄÄ Û†ÄÄ"
keeki_mang, 0, 14, 0, 0, "pepeLaugh I ALSO DONT KNOW pepeLaugh I ALSO DONT KNOW pepeLaugh I ALSO DONT KNOW pepeLaugh I ALSO DONT KNOW pepeLaugh I ALSO DONT KNOW pepeLaugh I ALSO DONT KNOW."
chalarden_, 0, 48, 0, 0, "pepeLaugh WRONG WAY pepeLaugh WRONG WAY pepeLaugh WRONG WAY pepeLaugh WRONG WAY pepeLaugh WRONG WAY"
TL_BUSTA, 0, 1, 0, 0, "pepeLaugh TeaTime Û†ÄÄ"
bog_waiting_room, 0, 19, 0, 0, "GachiPls forsenY GachiPls forsenY GachiPls forsenY GachiPls forsenY GachiPls forsenY"
chalarden_, 0, 48, 0, 0, "pepeLaugh WRONG WAY pepeLaugh WRONG WAY pepeLaugh WRONG WAY pepeLaugh WRONG WAY pepeLaugh WRONG WAY pepeLaugh WRONG WAY"
xiii_, 0, 0, 0, 0, "THIS PART pepeLaugh THIS PART pepeLaugh THIS PART pepeLaugh THIS PART pepeLaugh"
lulw_true_lul, 0, 1, 0, 0, "pepeLaugh TeaTime pepeLaugh TeaTime pepeLaugh TeaTime pepeLaugh TeaTime pepeLaugh TeaTime pepeLaugh TeaTime pepeLaugh TeaTime pepeLaugh TeaTime pepeLaugh TeaTime pepeLaugh TeaTime pepeLaugh TeaTime Û†ÄÄ"
SuebiNoble, 0, 0, 0, 0, "SMOrc wtf"
TL_BUSTA, 0, 1, 0, 0, "pepeLaugh TeaTime"
trypson, 0, 40, 0, 0, "pepeLaugh ANY SECOND NOW Û†ÄÄ"
joster235, 0, 0, 0, 0, "#BlizzEarlyAcess"
supasoldier, 0, 0, 0, 0, "pepeLaugh"
Nekisen, 0, 49, 0, 0, "@forsen TYPE ""/players 8"" FOR MORE EXP AND BETTER LOOT forsenScoots"
blademaster3001, 0, 31, 0, 0, "pepeLaugh TeaTime ANY SECOND NOW pepeLaugh TeaTime ANY SECOND NOW pepeLaugh TeaTime ANY SECOND NOW pepeLaugh TeaTime ANY SECOND NOW"
Lorabid, 0, 0, 0, 0, "GachiPls ‚ú® OMEGALUL GachiPls ‚ú® OMEGALUL GachiPls ‚ú® OMEGALUL GachiPls ‚ú® OMEGALUL GachiPls ‚ú® OMEGALUL GachiPls ‚ú® OMEGALUL GachiPls ‚ú® OMEGALUL GachiPls ‚ú® OMEGALUL GachiPls ‚ú® OMEGALUL"
Promanguy, 0, 0, 0, 0, "pepeLaugh 1/4 pepeLaugh 1/4 pepeLaugh 1/4 pepeLaugh 1/4 pepeLaugh 1/4 pepeLaugh 1/4 pepeLaugh 1/4 pepeLaugh 1/4"
Guysgreat, 0, 1, 0, 0, "OMEGALUL"
isomonk, 0, 20, 0, 0, "pepeLaugh TeaTime √áA VIENT pepeLaugh TeaTime √áA VIENT pepeLaugh TeaTime √áA VIENT pepeLaugh TeaTime √áA VIENT pepeLaugh TeaTime √áA VIENT pepeLaugh TeaTime √áA VIENT"
twiffel, 0, 0, 0, 0, "PepeLaugh TeaTime"
WillyDeSavage, 0, 1, 0, 0, "pepeLaugh TeaTime Û†ÄÄ üá±üáπ Bet kuris momentas pepeLaugh TeaTime Û†ÄÄ üá±üáπ Bet kuris momentas pepeLaugh TeaTime Û†ÄÄ üá±üáπ Bet kuris momentas"
TL_BUSTA, 0, 1, 0, 0, "pepeLaugh TeaTime Û†ÄÄ"
blademaster3001, 0, 31, 0, 0, "pepeLaugh TeaTime ANY SECOND NOW pepeLaugh TeaTime ANY SECOND NOW pepeLaugh TeaTime ANY SECOND NOW pepeLaugh TeaTime ANY SECOND NOW Û†ÄÄ"
Svenson_ga, 0, 0, 0, 0, "SMOrc"
bog_waiting_room, 0, 19, 0, 0, "GachiPls forsenY GachiPls forsenY GachiPls forsenY GachiPls forsenY GachiPls forsenY GachiPls forsenY"
chalarden_, 0, 48, 0, 0, "pepeLaugh WRONG WAY pepeLaugh WRONG WAY pepeLaugh WRONG WAY pepeLaugh WRONG WAY"
teapotsen, 0, 0, 0, 0, "pepeLaugh THIS PART"
Yaaaaaaaawn, 0, 49, 0, 0, "pepeLaugh TeaTime HERE IT COMES pepeLaugh TeaTime HERE IT COMES pepeLaugh TeaTime HERE IT COMES pepeLaugh TeaTime HERE IT COMES pepeLaugh TeaTime HERE IT COMES Û†ÄÄ Û†ÄÄ"
Nekisen, 0, 49, 0, 0, "@forsen TYPE ""/players 8"" FOR MORE EXP AND BETTER LOOT forsenScoots ."
trypson, 0, 40, 0, 0, "pepeLaugh ANY SECOND NOW"
blademaster3001, 0, 31, 0, 0, "pepeLaugh TeaTime ANY SECOND NOW pepeLaugh TeaTime ANY SECOND NOW pepeLaugh TeaTime ANY SECOND NOW pepeLaugh TeaTime ANY SECOND NOW"
TL_BUSTA, 0, 1, 0, 0, "pepeLaugh TeaTime"
123kki, 0, 0, 0, 0, "YESIDOTHINKSOr"
lifsu, 0, 46, 0, 0, "pepeLaugh TeaTime HERE IT COMES pepeLaugh TeaTime HERE IT COMES pepeLaugh TeaTime HERE IT COMES pepeLaugh TeaTime HERE IT COMES"
Aidlikeit, 0, 0, 0, 0, "ANY SECOND NOW CHAT pepeLaugh TeaTime ANY SECOND NOW CHAT pepeLaugh TeaTime ANY SECOND NOW CHAT pepeLaugh TeaTime ANY SECOND NOW CHAT pepeLaugh TeaTime"
isomonk, 0, 20, 0, 0, "pepeLaugh TeaTime √áA VIENT pepeLaugh TeaTime √áA VIENT pepeLaugh TeaTime √áA VIENT pepeLaugh TeaTime √áA VIENT pepeLaugh TeaTime √áA VIENT"
chalarden_, 0, 48, 0, 0, "pepeLaugh WRONG WAY pepeLaugh WRONG WAY pepeLaugh WRONG WAY pepeLaugh WRONG WAY pepeLaugh WRONG WAY"
laweaespacial, 0, 9, 0, 0, "LUL"
coronedmonkas, 0, 0, 0, 0, "pepeLaugh TeaTime ??????? pepeLaugh TeaTime ??????? pepeLaugh TeaTime ???????"
bog_waiting_room, 0, 19, 0, 0, "GachiPls forsenY GachiPls forsenY GachiPls forsenY GachiPls forsenY"
TL_BUSTA, 0, 1, 0, 0, "pepeLaugh TeaTime Û†ÄÄ"
blademaster3001, 0, 31, 0, 0, "pepeLaugh TeaTime DONT TELL HIM pepeLaugh TeaTime DONT TELL HIM pepeLaugh TeaTime DONT TELL HIM pepeLaugh TeaTime DONT TELL HIM"
isomonk, 0, 20, 0, 0, "pepeLaugh TeaTime √áA VIENT pepeLaugh TeaTime √áA VIENT pepeLaugh TeaTime √áA VIENT pepeLaugh TeaTime √áA VIENT pepeLaugh TeaTime √áA VIENT pepeLaugh TeaTime √áA VIENT"
WillyDeSavage, 0, 1, 0, 0, "pepeLaugh TeaTime Û†ÄÄ üá±üáπ Bet kuris momentas pepeLaugh TeaTime Û†ÄÄ üá±üáπ Bet kuris momentas pepeLaugh TeaTime Û†ÄÄ üá±üáπ Bet kuris momentas pepeLaugh TeaTime Û†ÄÄ üá±üáπ Bet kuris momentas"
keeki_mang, 0, 14, 0, 0, "pepeLaugh I ALSO DONT KNOW pepeLaugh I ALSO DONT KNOW pepeLaugh I ALSO DONT KNOW pepeLaugh I ALSO DONT KNOW pepeLaugh I ALSO DONT KNOW pepeLaugh I ALSO DONT KNOW"
Nekisen, 0, 49, 0, 0, "@forsen TYPE ""/players 8"" FOR MORE EXP AND BETTER LOOT forsenScoots"
Yaaaaaaaawn, 0, 49, 0, 0, "pepeLaugh TeaTime HERE IT COMES pepeLaugh TeaTime HERE IT COMES pepeLaugh TeaTime HERE IT COMES pepeLaugh TeaTime HERE IT COMES pepeLaugh TeaTime HERE IT COMES Û†ÄÄ Û†ÄÄ Û†ÄÄ"
CrazyCuttlefish, 0, 0, 0, 0, "WAIT 10 MINS CHAT pepeLaugh TeaTime WAIT 10 MINS CHAT pepeLaugh TeaTime WAIT 10 MINS CHAT pepeLaugh TeaTime WAIT 10 MINS CHAT pepeLaugh TeaTime WAIT 10 MINS CHAT pepeLaugh TeaTime ."
Aidlikeit, 0, 0, 0, 0, "ANY SECOND NOW CHAT pepeLaugh TeaTime ANY SECOND NOW CHAT pepeLaugh TeaTime ANY SECOND NOW CHAT pepeLaugh TeaTime"
coronedmonkas, 0, 0, 0, 0, "pepeLaugh TeaTime ??????? pepeLaugh TeaTime ??????? pepeLaugh TeaTime ??????? pepeLaugh TeaTime ??????? pepeLaugh TeaTime ???????"
TL_BUSTA, 0, 1, 0, 0, "pepeLaugh TeaTime"
lulw_true_lul, 0, 1, 0, 0, "pepeLaugh TeaTime pepeLaugh TeaTime pepeLaugh TeaTime pepeLaugh TeaTime pepeLaugh TeaTime pepeLaugh TeaTime pepeLaugh TeaTime pepeLaugh TeaTime pepeLaugh TeaTime pepeLaugh TeaTime pepeLaugh TeaTime"
trypson, 0, 40, 0, 0, "pepeLaugh ANY SECOND NOW Û†ÄÄ"
bog_waiting_room, 0, 19, 0, 0, "GachiPls forsenY GachiPls forsenY GachiPls forsenY GachiPls forsenY GachiPls forsenY"
gachibaj69, 0, 0, 0, 0, "LUL"
4D6F727465726F, 0, 0, 0, 0, "pepeLaugh TeaTime pepeLaugh TeaTime pepeLaugh TeaTime pepeLaugh TeaTime pepeLaugh TeaTime pepeLaugh TeaTime pepeLaugh TeaTime pepeLaugh TeaTime pepeLaugh TeaTime pepeLaugh TeaTime pepeLaugh TeaTime Û†ÄÄ"
isomonk, 0, 20, 0, 0, "pepeLaugh TeaTime √áA VIENT pepeLaugh TeaTime √áA VIENT pepeLaugh TeaTime √áA VIENT pepeLaugh TeaTime √áA VIENT pepeLaugh TeaTime √áA VIENT"
TL_BUSTA, 0, 1, 0, 0, "pepeLaugh TeaTime Û†ÄÄ"
WillyDeSavage, 0, 1, 0, 0, "pepeLaugh TeaTime Û†ÄÄ üá±üáπ Bet kuris momentas"
XicattoX, 0, 0, 0, 0, "LUL LAWL"
lVl4T, 0, 0, 0, 0, "pepeLaugh WRONG WAY pepeLaugh WRONG WAY pepeLaugh WRONG WAY pepeLaugh WRONG WAY pepeLaugh WRONG WAY"
Aidlikeit, 0, 0, 0, 0, "ANY SECOND NOW CHAT pepeLaugh TeaTime ANY SECOND NOW CHAT pepeLaugh TeaTime ANY SECOND NOW CHAT pepeLaugh TeaTime ANY SECOND NOW CHAT pepeLaugh TeaTime"
blademaster3001, 0, 31, 0, 0, "pepeLaugh TeaTime DONT TELL HIM pepeLaugh TeaTime DONT TELL HIM pepeLaugh TeaTime DONT TELL HIM pepeLaugh TeaTime DONT TELL HIM Û†ÄÄ"
pffq, 0, 0, 0, 0, "GachiPls"
chalarden_, 0, 48, 0, 0, "pepeLaugh WRONG WAY pepeLaugh WRONG WAY pepeLaugh WRONG WAY pepeLaugh WRONG WAY pepeLaugh WRONG WAY pepeLaugh WRONG WAY"
abstractssss, 0, 17, 0, 0, "pepeLaugh TeaTime ANY SECOND NOW pepeLaugh TeaTime ANY SECOND NOW pepeLaugh TeaTime ANY SECOND NOW pepeLaugh TeaTime ANY SECOND NOW pepeLaugh TeaTime ANY SECOND NOW pepeLaugh TeaTime ANY SECOND NOW"
TL_BUSTA, 0, 1, 0, 0, "pepeLaugh TeaTime"
Nekisen, 0, 49, 0, 0, "@forsen TYPE ""/players 8"" FOR MORE EXP AND BETTER LOOT forsenScoots ."
vi_vil_vin, 0, 0, 0, 0, "forsenGaGun"
blackstrapon64, 0, 0, 0, 0, "nyanPls TOP DONO nyanPls TOP DONO nyanPls TOP DONO nyanPls TOP DONO nyanPls TOP DONO nyanPls TOP DONO nyanPls TOP DONO nyanPls TOP DONO nyanPls TOP DONO nyanPls TOP DONO nyanPls TOP DONO nyanPls"
bog_waiting_room, 0, 19, 0, 0, "GachiPls forsenY GachiPls forsenY GachiPls forsenY GachiPls forsenY GachiPls forsenY GachiPls forsenY"
Yaaaaaaaawn, 0, 49, 0, 0, "pepeLaugh TeaTime HERE IT COMES pepeLaugh TeaTime HERE IT COMES pepeLaugh TeaTime HERE IT COMES pepeLaugh TeaTime HERE IT COMES pepeLaugh TeaTime HERE IT COMES Û†ÄÄ Û†ÄÄ"
halvah4you, 0, 0, 0, 0, "ppHop SLOW CHAT ppHop SLOW CHAT ppHop SLOW CHAT ppHop SLOW CHAT ppHop SLOW CHAT ppHop SLOW CHAT ppHop SLOW CHAT ppHop SLOW CHAT"
blademaster3001, 0, 31, 0, 0, "pepeLaugh TeaTime DONT TELL HIM pepeLaugh TeaTime DONT TELL HIM pepeLaugh TeaTime DONT TELL HIM pepeLaugh TeaTime DONT TELL HIM"
GoodGat, 0, 0, 0, 0, "zdps LUL"
laweaespacial, 0, 9, 0, 0, "pepeLaugh TeaTime HERE WE GO"
xiii_, 0, 0, 0, 0, "THIS PART pepeLaugh THIS PART pepeLaugh THIS PART pepeLaugh THIS PART pepeLaugh THIS PART pepeLaugh"
mvkr_, 0, 0, 0, 0, "PEACE LOL xDDD PEACE LOL xDDD PEACE LOL xDDD PEACE LOL xDDD PEACE LOL xDDD PEACE LOL xDDD PEACE LOL xDDD PEACE LOL xDDD"
trypson, 0, 40, 0, 0, "pepeLaugh ANY SECOND NOW"
Jaszczombex3000, 0, 0, 0, 0, "CYBERPUNK AI PagMan"
XicattoX, 0, 0, 0, 0, "LUL"
blademaster3001, 0, 31, 0, 0, "pepeLaugh TeaTime DONT TELL HIM pepeLaugh TeaTime DONT TELL HIM pepeLaugh TeaTime DONT TELL HIM pepeLaugh TeaTime DONT TELL HIM Û†ÄÄ"
Bnasit, 0, 0, 0, 0, "pepeLaugh TeaTime"
SpeFahd, 0, 0, 0, 0, "@forsen THE WAYPOINT AT THE START, RETARD"
isomonk, 0, 20, 0, 0, "pepeLaugh TeaTime √áA VIENT pepeLaugh TeaTime √áA VIENT pepeLaugh TeaTime √áA VIENT pepeLaugh TeaTime √áA VIENT pepeLaugh TeaTime √áA VIENT pepeLaugh TeaTime √áA VIENT"
EinBaum, 0, 0, 0, 0, "THIS WAY üëâ üëà üëÜ üëá pepeLaugh"
